"",46
you,41
I,34
it,34
we,24
Ukraine,16
he,16
they,14
"all-time low against dollar",9
"all-time low against dollar amid uncertainty",9
"the hryvnium",9
"ukrainian currency",9
"Ukraine 's currency",8
currency,8
my,8
"ukrainian currency hit all-time low against dollar amid uncertainty",8
what,8
"Ukraine these 17 photo",6
that,6
"the revolution",6
"the revolution up close",6
"you see the revolution up close",6
consequence,5
"consequence Obama",5
"consequence if someone step over the line",5
"consequence there",5
"fredthompson Obama to Ukraine",5
mentus,5
"over the line",5
someone,5
this,5
"Free Venezuela Ukraine",4
Gox,4
HSCIC,4
NASA_SDO,4
"a common OTC drug",4
"a common OTC drug while pregnant could be link to adhd-like behavioral problem in kid",4
"a new study",4
"euromaidan Photo",4
lawmaker,4
pregnant,4
she,4
"the internet",4
"the most ambitious story",4
"the most ambitious story ever",4
"to adhd-like behavioral problem in kid",4
"we can fix it",4
"10k childrenofsyrium",3
"1800 at risk of die from it",3
"2.63 Mesut Özil",3
2014,3
"2014 with unusual number of extreme weather event Photo guardian",3
"6 thousand mortgage banker because of the housing recovery",3
Bitcoin,3
JPMorgan,3
"Jerry Brown",3
"Jerry Brown take office in 2011",3
"Jerry Brown take office in 2011 on parole",3
John,3
Russia,3
World,3
Yanukovych,3
"a night",3
accommodation,3
call,3
"euromaidan Photo Liubov Yeremicheva",3
"from acute malnutrition 1800 at risk of die from it",3
"how lucky",3
"how lucky I be",3
"in Lebanon 1800 at risk of die from it",3
"nearly 1,400 inmate with life sentence",3
"office in 2011",3
people,3
school,3
"the Daily Mail",3
"the best game per assist rate in premier League history minimum 5 assist",3
"they call",3
"they call for Bitcoin oversight",3
"to say I love you every day",3
"with you euromaidan Photo by Liubov Yeremicheva",3
"you every day",3
"$ 17k for tablecloth",2
"230k signature",2
"230k signature to Gove ask for action to endfgm",2
"6 year old",2
AZ,2
Arizona,2
"Current ly",2
Egypt,2
FGMsilentscream,2
Fahma,2
GaryBarlow,2
Gove,2
"Kid Cudi",2
"New document",2
"Pentagon contractor",2
Sony,2
Twitter,2
Well,2
"Yanukovych 's ridiculously lavish property to help stave off bankruptcy",2
"Zoe Williams",2
"a new album",2
"a winter",2
"a winter wonderland in the Rose Garden",2
"about milk",2
"about milk now how",2
"about the Harriet Harman\/Mail\/PIE thing everything",2
"after 20 year",2
"as Voldemort for book day",2
"as Voldemort for book day next week",2
better,2
"better at science than the average American",2
careda,2
"dutch World Cup finalist markvanbommel6",2
"dutch World Cup finalist markvanbommel6 at the team hotel",2
"dutch World Cup finalist markvanbommel6 earlier",2
everything,2
"fellow galaxy traveler",2
"for action to endfgm",2
good,2
"he fellow galaxy traveler with a new album call Satellite Flight",2
here,2
how,2
"in the Rose Garden",2
invertebrate,2
"it in 2008",2
"it just how badly",2
"just how badly the Fed blow it in 2008",2
kid,2
"lesson from the Daily Mail",2
"major bitcoin exchange",2
man,2
one,2
pain,2
"propose anti-gay law",2
quiz,2
"ridiculously lavish property to help stave off bankruptcy",2
some,2
"some of the notable provision of Arizona 's propose anti-gay law",2
"the Fed",2
"the best",2
"the englandu17",2
"the got milk ad campaign",2
"these people photo of gay",2
"these people photo of lesbian",2
"these people photo of transgender",2
"this in 2012",2
"this in 2012 say these people photo of gay",2
"this in 2012 say these people photo of lesbian",2
"this in 2012 say these people photo of transgender",2
"this in 2012 stephenfry",2
"to Iran",2
"to be Twitter 's front-page",2
"to be Twitter 's front-page for the most important discussion",2
"to be damn near impossible to top this",2
"to be damn pretty to top this",2
"to be damn to top this",2
"to be damn to top this as photo of the week",2
"to decency of child",2
"to decency of child when",2
"to go to school dress as Voldemort for book day next week",2
"to sexualisation of child",2
"to sexualisation of child when",2
unfortunate,2
when,2
"with mandela_e",2
"with mandela_e here",2
wrong,2
"$ 1000 $ 200 everyone",1
"1 manutd",1
"1 one of my favorite thing",1
"17-year-old Fahma Mohamed",1
"1982 Hyde Park bombing",1
"2 occupant",1
3,1
"4k video recording",1
"4k video recording from overnight at MWC14",1
"5 amazing goody bag from last night 's beauty award",1
"5 amazing goody bag from last night 's beauty award to WIN",1
"5\/4\/14 xx",1
92,1
?!,1
"AJELive Sanidtee Political chess",1
"AP Supreme Court rule police",1
"AZ look like it be run by a bunch of Religious wing-nut oh wait it be",1
"Adam Brody",1
"Andrei Arshavin",1
"Anthony Mackie",1
Arshavin,1
"Barack Obama",1
BarackObama,1
Barroso,1
"Beautiful Uganda",1
BendyGirl,1
"Beware of reflective surface",1
"Bitcoin CEOs",1
"Bitcoin Foundation board deletes Twitter",1
"Bitcoin exchange crash",1
Burma,1
CAR,1
"CBSThisMorning Saturday",1
"CBSThisMorning Saturday to share he ultimate dish",1
"CNN digital VP at MWC14",1
"CNN edhaskl andersoncooper GovBrewer VetoSB1062",1
"CNN what be the impact of AZ 's religious freedom law",1
"Chef John Stage",1
CherylCole,1
"Commander of Navy warship",1
"Crimea Ukraine",1
"David Laws",1
"Dirty Projectors",1
"Domino 's",1
"Ecommerce News Bitcoin",1
"Egypt 's liberal party leader",1
"Elon Musk",1
"Ex-boxing champ Vitali Klitschko",1
"FauxIndignation RabbleRabble",1
Feb,1
Forbidden,1
"Forbidden slaughters 43 boy",1
"Forbidden slaughters 43 boy in a Nigerian school",1
"Fort Knox",1
"Franny Beecher",1
GSElevator,1
"GSElevator 1 now that selfie",1
"GSElevator 1 now that selfie be in the dictionary a shit",1
"GSElevator 1 now that selfie be in the dictionary a shit really",1
"GSElevator 1 now that twerking",1
"GSElevator 1 now that twerking be in the dictionary a shit",1
"GSElevator 1 now that twerking be in the dictionary a shit really",1
"GaryBarlow what",1
Gary_Bainbridge,1
"Goes Offline Amid Allegations of $ 350",1
"Gox I",1
"Gox Implodes",1
"Gox Implosion Renew Call for Bitcoin Oversight",1
"HOF induction issue",1
"Hamilton Leithauser 's",1
"I do not have any fish",1
"I love the Royal Family long may",1
IAMKELLYBROOK,1
"IAMKELLYBROOK Hope",1
IE,1
IRA,1
"Ireland Ukraine",1
"Ireland Ukraine home love instabored eye nomakeup",1
Israel,1
"Israel bomb",1
"Justin Trudeau",1
"Kareem Khan",1
"Kareem Khan brother",1
"Kareem Khan son",1
"Las Vegas Forget",1
"Lawmakers Scramble",1
"Leighton Meester",1
"Lenin statue",1
"Lib Dem leader Nick Clegg",1
"Lindsey Vonn",1
London,1
Loneliness,1
"Looming Dangers of Neo-Fascism",1
Maggie,1
Magic,1
"Magic the Gathering Online Exchange",1
"March 9th",1
Marriage,1
MartinSLewis,1
"Million Hack",1
Minnesota,1
"MoDoughMoseley Ahhhhh",1
"Monaco 1984 not so good for you martin",1
Moscow,1
"Moscow will protect compatriot in Ukraine",1
"Mt. Gox",1
MtGox,1
No,1
Nominations,1
ONS,1
"OllieW Context re Olympic canoe event rejig",1
"Orwell chap",1
"Ousted Leader Secretly Spent Millions",1
PFW,1
Palestine,1
"Parliament Building",1
Persie_Official,1
"Pint of milk interviewee",1
Putin,1
"Putin in Crimea",1
RayHeard,1
"RayHeard more",1
"RayHeard than original insult",1
"Remembering Beatles legend George Harrison",1
"RichardEngel Forget Ukraine for a couple day",1
Rock,1
"Romain_CHARLES Ah",1
"Russia long mt real_breaking Ukraine APCs on central square in Sevastopol Crimea",1
"Russia to ensure territorial integrity of Ukraine EU JoseManuelBarroso",1
"Russian Duma",1
SamanthaFaiers,1
Scotland,1
"Scotland miss out on support for most vulnerable indyref",1
Search,1
"Sensor datum",1
Shins,1
"Shop worker",1
"Sony 's Xperia Z2",1
SoopaJuice,1
"Soviet Union Star",1
"Star guest spot prize a Walter White bobble head",1
"StateDept JohnKerry",1
Syria,1
"Syria Somalia",1
"Syria aid",1
"Syria into the Apocalypse",1
"TCOT michellemalkin",1
"TheDrum Advertisers lag behind publisher in create responsive design experience",1
"Ukraine topple Lenin statue quota ahead of schedule",1
"Uprising Stars Will Smith",1
"Vampire Weekend",1
"Venezuela diplomat",1
Very,1
"W27 D7",1
"W27 D7 in the 35 competitive match",1
"Walkmen member",1
"Watch Jonah Hill",1
"Western Education",1
"Western Education be Forbidden slaughters 43 boy in a Nigerian school",1
"Wild Beasts",1
"Will Ferrell",1
"WilliamShatner Im here reading",1
"Wonder if the Daily Mail be go to apologise for think the nazi party",1
"XX God Republicans",1
"Xperia Z2",1
Yalta,1
"Yanukovych Shout",1
"YouTube Netflix",1
"a 1-2 in c2 slalom",1
"a 1-2 in c2 slalom at London 2012",1
"a 1-2 in c2 slalom gb",1
"a 3-d printer",1
"a 35-minute sleep at 5.15 pm",1
"a 35-minute sleep at 5.15 pm every DAY",1
"a 35-minute sleep at 5.15 pm no matter what he be do",1
"a Aston Martin Rapide",1
"a Aston Martin Rapide though SoopaJuice piersmorgan the Pope have the Pope Mobile",1
"a Bitcoin trading site",1
"a Bitcoin trading site name",1
"a Twitter user",1
"a YouTube video revolution the truth about ukraine",1
"a awful lot Gary",1
"a bitcoin exchange",1
"a couple day",1
"a directioner but most of they grimmer",1
"a directioner grimmer",1
"a doctor",1
"a f1 race a day during 2014 f1on406",1
"a failure",1
"a failure of nation building",1
"a gym that turn into a bar after January",1
"a ipad",1
"a knife to the throat of another Unacceptable",1
"a legend",1
"a lie detector for tweet via raju",1
"a man",1
"a new online currency",1
"a phone",1
"a play",1
"a play on Life",1
"a play on Mars because of Elon Musk 's quote",1
"a richer display",1
"a richer display from overnight at MWC14",1
"a right to",1
"a shit",1
"a shit on substantive issue",1
"a single search phrase",1
"a smile on you",1
"a smile on you suziperry",1
"a thing",1
"a ukrainian video blogger",1
"a weak apology",1
"aane wale",1
"about let officer enter",1
"about let officer enter when",1
"about the daily mail",1
"about the daily mail still",1
aching,1
"across the face",1
"across the face with large wet fish in Asda",1
"actually it pie go to the highest level of Tory party too",1
"actually owenjones84",1
affair,1
"after 14 minute",1
"after U.N.",1
"after U.N. still",1
"after draw fire for silly olympic hockey-ukraine joke",1
"after hockey-ukraine joke",1
"after hockey-ukraine joke trudeau",1
aground,1
"airport bored 6hourwait",1
"airport bored 6hourwait poland Ireland Ukraine home love instabored eye nomakeup",1
album,1
all,1
"all Bitcoin transations for now",1
already,1
"already up 15 % from it 's floor last night",1
amazing,1
"amazing always",1
"amazing still",1
american,1
anger,1
"another phone",1
any,1
"any fish",1
area,1
"area on lebanon-syria border via AJEnglish",1
"as if it have a right to",1
"at O2 London",1
"at Xbox",1
"at brunch after they secret wedding see the adorable newlywed",1
awareness,1
b.,1
badhairday,1
badly,1
"bahut pachhtaoge jb",1
"bahut pachhtaoge jb will chhor k chale jayenge aayenge warna",1
"base on sincerely hold religious belief",1
"bbcbreaking man accuse of IRA 's 1982 Hyde Park bombing not to be prosecute because he receive guarantee",1
beautiful,1
"beautiful actually",1
"beauty award",1
"because I see it first hand",1
"bengoldacre worth",1
"bengoldacre worth if HSCIC do not commit to full transparency on this",1
"bengoldacre worth of public trust",1
"bengoldacre worth simply",1
bitcoin,1
"black a white i ruin the picture other",1
"blood pressure",1
both,1
"break News",1
brilliant,1
bronze,1
"bronze gb",1
"bronze in k2 200m sprint",1
"by a bunch of Religious wing-nut",1
"by member of PIE",1
"by member of investigati",1
"celebrity big brother lol",1
"century race",1
charliesheen,1
"civicua Free Venezuela Ukraine be with you",1
"civicua Free Venezuela Ukraine be with you by Liubov Yeremicheva",1
"close association",1
column,1
company,1
compassion,1
compatriot,1
"compatriot in Ukraine",1
"court http guarantee",1
"creepy attitude",1
"dailymirror column",1
dangerous,1
dark,1
"dark in blow",1
"dark in blow to virtual currency",1
decision,1
"despite MtGox debacle",1
"despite MtGox debacle via Createastore",1
dick,1
"due a lie-down",1
e-petition,1
"each year",1
electronic,1
"electronic completely",1
emmak67,1
"endless story",1
"endless story on Margaret Thatcher",1
"endless story on she close association",1
"endless story with Jimmy Saville",1
"entirely more",1
"entirely the monarchy reign and more",1
"entirely the queen reign",1
equal,1
"equal to the radius of one 's awareness",1
especially,1
everyone,1
excited4newcherylmusic,1
"exciting London",1
"exciting well London",1
expression,1
"fair enough",1
"favorite thing",1
"fear for democracy",1
"finance manager role",1
fit,1
"fit for purpose",1
"fit until HSCIC commit to show everyone",1
floor,1
"food day",1
"food day be it tomorrow",1
"for Ukraine presidency",1
"for the 2014 MAD Blog award site",1
"for the 2014 MAD Blog award site for dad",1
"for the 2014 MAD Blog award site for mum",1
"for themselves more",1
"for themselves the monarchy reign and more",1
"for themselves the queen reign",1
free,1
"from Kiev",1
"from Top of Ukraine 's Parliament Building",1
"from Top of Ukraine 's Parliament Building by Protesters",1
"from US school",1
"from US school after a 10 year old pointed",1
"from US school out a problem",1
"from YPlanNYC",1
"front-page for the most important discussion",1
"front-page for the most important discussion by psawer",1
"gay Winter Olympics",1
gonna,1
"good for you blood pressure",1
gothp,1
great,1
"great elizabethhurley",1
grimmer,1
guarantee,1
guardian,1
"guardiannew IRA Hyde Park bombing man accuse of 1982 attack",1
guardianus,1
guy,1
"half fandom",1
ham,1
"harman tweet response to Mail allegation",1
"he burn he dick while fuck a pepperoni pizza",1
"he dick",1
"he dick while fuck a pepperoni pizza",1
"he expression",1
"he just a rule",1
"he own Captain America the Winter Soldier poster",1
"he supporter w\/cash",1
"he ultimate dish",1
head,1
"help the inner city",1
"help the inner city before this get out of hand",1
helpful,1
"helpful as we can",1
"high school diploma so",1
"high school diploma so barely",1
home,1
"home when 2 occupant disagree about let officer enter",1
"home without a warrant",1
"horrible hair day",1
"horrible hair day all",1
"how a 3-d printer can fix",1
"how a ipad can fix",1
"how the cosmos be build mysteries",1
"how the cosmos be build mysteries if we ever come to understand dark matter",1
http,1
"if he expression be pure terror",1
"if you can not trust a Bitcoin trading site name",1
"if you spot Yanukovych Shout",1
"if you think we be worthy well",1
"ignore university tuition fee myth student on visit",1
"ignore university tuition fee myth student on visit to East London school",1
"in Afghanistan",1
"in London",1
"in Pakistan",1
"in Putin 's head",1
"in Putin 's head still",1
"in Ukraine 's affair as if it have a right to",1
"in Yalta",1
"in a drone strike",1
"in a email to the site manager Shift Manager MartinSLewis",1
"in a email with the word Shift Manager MartinSLewis",1
"in each U.S. the one thing",1
"in predawn attack on a northeast Nigerian college",1
"in the Goldman Sachs elevator hahahaha",1
"in the Wolf",1
"in the brain",1
"in the brain during a epiphany",1
"in the dictionary",1
incredibly,1
info,1
"info on what go wrong",1
"info still",1
"insolvent company say",1
"instabored eye nomakeup",1
"instabored eye nomakeup home",1
intejar,1
"interested to know stats re absence for mental illness",1
"into a bar",1
"into a bar after January",1
"islamist group",1
"it accept bitcoin",1
"it all",1
"it by the end of the weekend",1
"it first hand",1
"it hard to be anonymous",1
"it hard to be anonymous online",1
"it out",1
"it out elizabethhurley",1
"it out on blu-ray",1
"it out yet",1
"it really",1
"it tomorrow",1
"it when",1
"it will close all Bitcoin transations for now",1
"itvnew just not good enough",1
janeruffino,1
jealous,1
"jealous of he",1
joewalne,1
"jonsnowc4 desperately sad to see a country",1
"justice Kareem Khan talk to c4news",1
"k chale jayenge",1
"kleptomik Bitcoin",1
"last call for we finance manager role",1
"last night",1
law,1
"lead guitarist for Bill Haley",1
"lead guitarist for the Comets",1
"legalize marijuana",1
"legalize marijuana in 2014",1
"letter we second istudents debate",1
"liberal party leader",1
"like a nbcsnl sketch",1
"like it be run by a bunch of Religious wing-nut",1
"like the internet of money",1
lindsaylohan,1
"live podcast",1
long,1
lot,1
lovely,1
"mbrundlef1 i",1
"mbrundlef1 skysportsf1",1
"milk interviewee",1
money,1
"money with Mt.",1
monument,1
more,1
"more !! xx",1
"more !! xx still",1
"most celebrity",1
much,1
"much a country",1
"my century race",1
"my century race be Monaco 1984 not so good for you martin",1
"my new favorite thing",1
"my resolution",1
mysteries,1
"mysteries how",1
"naval in the face",1
"naval in the face I know this attack have powerful political connotation",1
"naval in the face you know this attack have powerful political connotation",1
"nazi symbol",1
"nazi symbol spread Looming Dangers of Neo-Fascism",1
nbcnew,1
"new Xperia smartphone",1
"new Xperia smartphone at Mobile World Congress",1
"new Xperia smartphone with 4k video recording",1
"new contender",1
"new favorite thing",1
"newscientist oh yea",1
"no need of intl inquiry for defeat terror",1
"no okay we understand you be jealous of he grimmer",1
no.,1
"not daddy just make a phone",1
now,1
"of 1982 attack",1
"of IRA 's 1982 Hyde Park bombing not to be prosecute because he receive guarantee",1
"of duty",1
"of duty after ship run aground",1
"of hand",1
officer,1
ollyofficial,1
"on support for most vulnerable indyref",1
"on this day in 1943",1
"one and",1
"one of the 35 competitive match",1
"one of the 35 competitive match only",1
"out bengoldacre sorry",1
"overthrow of President of Ukraine",1
owenjones84,1
"own Captain America the Winter Soldier poster",1
panties,1
"people to discriminate base on sincerely hold religious belief",1
petition,1
"powerful fasc",1
"powerful political connotation",1
"price plummet as Mt.",1
"pure terror",1
"quality over quantity bbcf1",1
question,1
quote,1
"rapid deployment force",1
"rapid deployment force to Ukraine border",1
"real convo",1
"really look foward to see you in northampton",1
reg,1
"religious freedom law",1
resolution,1
rip,1
"rip into guy",1
"rollingstone mat krna kisus",1
"rollingstone mat krna kisus ka intejar hi chale aayenge warna",1
"russian arm soldier",1
"russian lawmaker",1
"school to break the silence",1
"school to break the silence around FGM",1
scientist,1
"seap1geon susannareid100",1
"second istudents debate",1
secret,1
security,1
"security relieve of duty after ship run aground",1
"serious military commando",1
"serious military commando with balaclava",1
"serious military commando with everything",1
"she be sick",1
ship,1
show,1
sick,1
skysportsf1,1
"slaughters 43 boy in a Nigerian school",1
sleaze,1
"sleaze too be v. poor defense sleazy pic v. diff",1
"sleazy pic",1
"sleazy pic too",1
"sleazy pic v. diff",1
"sleazy pic v. poor defense",1
"so Cute together D I Wish Them",1
"so Happy together D I Wish Them",1
social,1
"some lb",1
"some lb with Daddio",1
"some of em",1
"some smart people",1
"someone post a nobody",1
"someone post a selfie",1
son,1
song,1
"sooo much fun",1
"sooo much fun when",1
sreeramchaulium,1
still,1
"stinky foot",1
stronger,1
"stronger in every way bitcoin",1
student,1
"stupid delusional twat",1
"supporter w\/cash",1
"swimming tonight",1
"swimming tonight lose some lb with Daddio",1
"target on syria-lebanon border Beirut AFP Israel bent on halting",1
"tedtalk the neuroscience of aha moment",1
"ten of thousand of tourist from Asia",1
"territorial integrity of Ukraine EU JoseManuelBarroso",1
"that a man",1
"that damn Pipeline",1
"that overthrow of President of Ukraine be a failure of nation building",1
"the Daily Mail\/Mail Online",1
"the Great California Water",1
"the Great Escape 2014",1
"the Mail",1
"the Mail 's creepy attitude",1
"the Mail 's creepy attitude to female old",1
"the Mail 's creepy attitude to female young",1
"the Pope",1
"the Pope Mobile",1
"the Pope have the Pope Mobile",1
"the Royal Family",1
"the Royal Family long may",1
"the Teacher Workload Survey on March 4",1
"the Walkmen",1
"the Walkmen 's Hamilton Leithauser",1
"the Walkmen 's Hamilton Leithauser 's album",1
"the World OceanSummit 2014 at 12:15 pm ET",1
"the ae for just a e",1
"the battle of Android flagship",1
"the best garybarlow",1
"the best thing",1
"the best thing on TwoAndAHalfMen",1
"the clock one more time",1
"the cosmos",1
"the dust",1
"the end",1
"the end for I",1
"the end of it",1
"the end really",1
"the entire Xbox experience",1
"the full collection here",1
"the i Editor",1
"the impact",1
"the impact of AZ 's religious freedom law",1
"the insanity of what be about to happen to you zo",1
"the long term impact",1
"the long term impact the Mt. Gox event as more like the SR incident",1
"the man behind Dinosaur Bar-B-Que",1
"the market",1
"the message of the film",1
"the monarchy reign and more",1
"the one thing",1
"the org in question",1
"the planet for we kid",1
"the planet for we kid how",1
"the point kid be abuse by member of PIE",1
"the point kid be abuse by member of investigati",1
"the police",1
"the price of Bitcoin",1
"the price of Bitcoin on BTC China",1
"the price of Bitcoin on Bitfinex",1
"the price of Bitcoin on OKCoin",1
"the price of Bitcoin on btc-e",1
"the queen reign",1
"the rating",1
"the ridiculous Xbox Live Gold requirement",1
"the same",1
"the same anymore-not fun charliesheen be the best thing on TwoAndAHalfMen",1
"the same struggle whether in Syria Somalia etc",1
"the same to anonymity offline",1
"the show",1
"the silence",1
"the silence around FGM",1
"the unhygienic nightmare of film that Airplane Orgy Scene in the Wolf of Wall Street",1
"the usmnt friendly against Ukraine on March 5",1
these,1
"these New Puritans",1
"these dbay",1
"these killing",1
"these pencil",1
thing,1
"this attack",1
"this attack have powerful political connotation",1
"this be one when will this be stop",1
"this cat",1
"this draconian anti-gay law",1
"this month",1
"this month 's Pint of milk interviewee",1
time,1
"to Black Sea for Olympics security relieve of duty after ship run aground",1
"to Cyprus",1
"to a Twitter user",1
"to announce skysportsf1 will be show a f1 race a day during 2014 f1on406",1
"to apologise for think the nazi party",1
"to be Twitter 's front-page by psawer",1
"to be anonymous",1
"to be anonymous online",1
"to be insolvent",1
"to c",1
"to c4news",1
"to cbb aka",1
"to cbb aka digitalspy",1
"to cbb aka thanks",1
"to chat with you",1
"to close all transaction",1
"to close all transaction for the time",1
"to face to face",1
"to full transparency",1
"to full transparency on this",1
"to happen to you zo",1
"to have humiliate Thom",1
"to have treat like that a man",1
"to have treat you well",1
"to have treat you well incredibly",1
"to hide all this MY go",1
"to hurry up CherylCole",1
"to let out you anger",1
"to let out you anger somehow",1
"to meet Lord Peter Wimsey though TheNineTailors",1
"to my question IAMKELLYBROOK Hope",1
"to see a upside guardian",1
"to see a upside to all this flooding guardian",1
"to see the Fens",1
"to see the Fens always",1
"to see the Fens revrichardcoles",1
"to shoot half my fandom",1
"to show everyone",1
"to stop sexualise child",1
"to the highest level of Tory party",1
"to the highest level of Tory party actually",1
"to the highest level of Tory party pie",1
"to the highest level of Tory party too",1
"to throw food",1
"to throw food at I",1
"to understand dark matter",1
"to understand dark matter ever",1
tom_watson,1
tonight,1
too,1
"trend meta",1
tribute,1
"tribute to Harold Ramis guardianculture",1
"tribute to the courage",1
tweet,1
"tweet of real convo hear in the Goldman Sachs elevator hahahaha",1
two,1
"two nasty tweet",1
"two nasty tweet in a row",1
"two nasty tweet just",1
"ultimate dish",1
"unsupportable http \/",1
"unsupportable http \/ if HSCIC be still hide info on what go wrong",1
"us$ 135.0000 change 0.00000 % cointracker bitcoin",1
"us$ 511.1780 change -0.01921 % cointracker bitcoin",1
"us$ 515 change -0.02641 % cointracker bitcoin",1
"us$ 539.7122 change -0.01603 % cointracker bitcoin",1
"us$ 541.6654 change -0.01552 % cointracker bitcoin",1
"user $ 350m",1
v.,1
"v. badly judge",1
"vital fund",1
"vital fund for GreatOrmondSt ht",1
"vital fund on Fri 28",1
washingtonpost,1
"we be worthy well",1
"wedding see the adorable newlywed",1
"what underscore these killing",1
"when a bitcoin exchange collapse",1
"when someone post a nobody like it",1
"when someone post a selfie like it",1
"when we be have sooo much fun",1
"when we be have sooo much fun how",1
"why she want school to break the silence around FGM",1
"why this cat attract ten of thousand of tourist from Asia",1
"why this cat attract ten of thousand of tourist from Asia wsj",1
"with you",1
"work for Mt.",1
worn,1
"worn out listen to that Albert Lee track",1
"worn quite",1
"worn simonmayo",1
worthy,1
"worthy well",1
"wrong here",1
"wtbdavidg suey2y latentexistence god how time fly when we be have sooo much fun",1
"yanukovich legitimate president of Ukraine",1
yes,1
"you Linda",1
"you Linda paulmccartney",1
"you actually know yourself",1
"you actually know yourself ???",1
"you badhairday",1
"you badhairday on Fri 28",1
"you be jealous of he",1
"you be still talk about the daily mail",1
"you be still talk about the daily mail stephenfry",1
"you be support",1
"you be support just",1
"you healthcare",1
"you panties",1
"you panties in front of you",1
"you panties literally",1
"you panties so you appreciate the insanity of what be about to happen to you zo",1
"you proud to have humiliate Thom",1
"you proud to have treat like that a man",1
"you proud to have treat you well",1
"you proud to have treat you well incredibly",1
"you to GetCovered healthcare",1
"you truly",1
yourself,1
"yourself actually",1
"y’",1
zo,1
